x_000	-8.0
x_001	-7.0
x_002	-6.0
x_003	-5.75
x_004	-5.5
x_005	-5.25
x_006	-5.0
x_007	-4.75
x_008	-4.5
x_009	-4.25
x_010	-4.0
x_011	-3.75
x_012	-3.5
x_013	-3.25
x_014	-3.0
x_015	-2.75
x_016	-2.5
x_017	-2.25
x_018	-2.0
x_019	-1.75
x_020	-1.5
x_021	-1.25
x_022	-1.0
x_023	-0.75
x_024	-0.5
x_025	-0.25
x_026	0.0
x_027	0.25
x_028	0.5
x_029	0.75
x_030	1.0
x_031	1.25
x_032	1.5
x_033	1.75
x_034	2.0
x_035	2.25
x_036	2.5
x_037	2.75
x_038	3.0
x_039	3.25
x_040	3.5
x_041	3.75
x_042	4.0
x_043	4.25
x_044	4.5
x_045	4.75
x_046	5.0
x_047	5.25
x_048	5.5
x_049	5.75
x_050	6.0
x_051	7.0
x_052	8.0
